Date,No. of Clones,Total Views,Unique Clones,Unique Views
2026-08-05,10,0,5,0
2026-08-06,12,1,6,1
2026-08-07,7,32,4,4
2026-08-08,16,1,8,1
2026-08-09,14,0,7,0
2026-08-10,5,3,2,1
2026-08-11,9,7,5,2
2026-08-12,11,1,4,1
2026-08-13,6,0,3,0
2026-08-14,13,2,6,1
2026-08-15,18,6,9,2
2026-08-16,8,0,4,0
2026-08-17,9,2,4,2
2026-08-18,12,1,5,1
2026-08-19,15,0,7,0
2026-08-20,11,40,4,8
2026-08-21,6,2,3,1
2026-08-22,8,1,4,1
2026-08-23,10,0,5,0
2026-08-24,14,5,6,2
2026-08-25,19,1,9,1
2026-08-26,7,0,3,0
2026-08-27,5,2,2,1
2026-08-28,12,8,5,2
2026-08-29,13,0,6,0
2026-08-30,9,3,4,1
2026-08-31,16,21,7,4
2026-09-01,8,1,4,1
2026-09-02,11,0,5,0
2026-09-03,14,4,6,2
2026-09-04,6,8,3,1
2026-09-05,13,1,7,1
2026-09-06,8,0,4,0
2026-09-07,11,2,4,2
2026-09-08,9,0,3,0
2026-09-09,5,36,2,5
2026-09-10,5,1,2,1
2026-09-11,7,6,4,2
2026-09-12,6,0,3,0
2026-09-13,15,2,8,1
2026-09-14,9,0,4,0
2026-09-15,7,0,3,0
2026-09-16,20,6,10,1
2026-09-17,14,6,6,1
